<?xml version="1.0" encoding="UTF-8"?>
<beans xmlns="http://www.springframework.org/schema/beans"
	xmlns:xsi="http://www.w3.org/2001/XMLSchema-instance"
	xmlns:context="http://www.springframework.org/schema/context"
	xsi:schemaLocation="
       http://www.springframework.org/schema/beans 
       http://www.springframework.org/schema/beans/spring-beans-4.0.xsd
       http://www.springframework.org/schema/context 
       http://www.springframework.org/schema/context/spring-context-4.0.xsd">

    <description>Personal Pay Dao RMI Configuration</description>
	
	<bean id="registry" class="org.springframework.remoting.rmi.RmiRegistryFactoryBean">
		<property name="port" value="20000" />
	</bean>

	<!-- spring rmi service -->
	<bean id="pushControllerExporter" class="org.springframework.remoting.rmi.RmiServiceExporter">
		<property name="service" ref="pushController" />
		<property name="serviceName" value="PushControllerRmi" />
		<property name="serviceInterface"
			value="com.renlink.push.msg.IController" />
		<property name="registry" ref="registry" />
	</bean>
	
</beans>