<?xml version="1.0" encoding="UTF-8"?>
<beans xmlns="http://www.springframework.org/schema/beans"
	xmlns:xsi="http://www.w3.org/2001/XMLSchema-instance" xmlns:context="http://www.springframework.org/schema/context"
	xmlns:cache="http://www.springframework.org/schema/cache"
	xsi:schemaLocation="
		http://www.springframework.org/schema/beans 
		http://www.springframework.org/schema/beans/spring-beans-4.0.xsd
		http://www.springframework.org/schema/context 
		http://www.springframework.org/schema/context/spring-context-4.0.xsd
		http://www.springframework.org/schema/cache
	    http://www.springframework.org/schema/cache/spring-cache-4.0.xsd"
	default-lazy-init="true">

	<description>Message Push Service Spring Configuration</description>

	<context:component-scan
		base-package="com.renlink.push.msg" />


	<bean id="jPushAdapter" class="com.renlink.push.msg.adapter.JPushAdapter" scope="prototype">
	    <property name="masterSecret" value="00968595c1371888265b91c6"/>
	    <property name="appKey" value="9f3f9b1e1fc8cb265313e424"/>
	</bean>
	
	<bean id="pushAdapterFactory" class="com.renlink.push.msg.adapter.PushAdapterFactoryBean">
	    <property name="pushAdapter" ref="jPushAdapter"/>
	</bean>
	
	

</beans>