<?xml version="1.0" encoding="UTF-8"?>
<configuration scan="true" scanPeriod="60 seconds" debug="false">
	<appender name="STDOUT" class="ch.qos.logback.core.ConsoleAppender">
		<encoder>
			<pattern>%d{yyyy-MM-dd HH:mm:ss.SSS} [%thread] %-5level %logger{36} -
				%msg%n</pattern>
		</encoder>
	</appender>

	<appender name="DEBUG-APPENDER"
		class="ch.qos.logback.core.rolling.RollingFileAppender">
		<file>../logs/push/debug/MessagePush-debug.txt</file>
		<rollingPolicy class="ch.qos.logback.core.rolling.TimeBasedRollingPolicy">
			<fileNamePattern>../logs/push/debug/MessagePush-debug-%d{yyyy-MM-dd}.%i.log
			</fileNamePattern>
			<maxHistory>5</maxHistory>
			<timeBasedFileNamingAndTriggeringPolicy
				class="ch.qos.logback.core.rolling.SizeAndTimeBasedFNATP">
				<maxFileSize>100MB</maxFileSize>
			</timeBasedFileNamingAndTriggeringPolicy>
		</rollingPolicy>
		<encoder>
			<pattern>%date %level [%thread] %logger{36} [%file : %line] %msg%n
			</pattern>
		</encoder>
	</appender>

	<appender name="INFO-APPENDER"
		class="ch.qos.logback.core.rolling.RollingFileAppender">
		<file>../logs/push/info/MessagePush-info.txt</file>
		<rollingPolicy class="ch.qos.logback.core.rolling.TimeBasedRollingPolicy">
			<fileNamePattern>../logs/push/info/MessagePush-info-%d{yyyy-MM-dd}.%i.log
			</fileNamePattern>
			<timeBasedFileNamingAndTriggeringPolicy
				class="ch.qos.logback.core.rolling.SizeAndTimeBasedFNATP">
				<maxFileSize>100MB</maxFileSize>
			</timeBasedFileNamingAndTriggeringPolicy>
		</rollingPolicy>
		<encoder>
			<pattern>%date %level [%thread] %logger{36} [%file : %line] %msg%n
			</pattern>
		</encoder>
	</appender>

	<appender name="ERROR-APPENDER"
		class="ch.qos.logback.core.rolling.RollingFileAppender">
		<file>../logs/push/error/MessagePush-error.txt</file>
		<rollingPolicy class="ch.qos.logback.core.rolling.TimeBasedRollingPolicy">
			<fileNamePattern>../logs/push/error/MessagePush-error-%d{yyyy-MM-dd}.%i.log
			</fileNamePattern>
			<timeBasedFileNamingAndTriggeringPolicy
				class="ch.qos.logback.core.rolling.SizeAndTimeBasedFNATP">
				<maxFileSize>100MB</maxFileSize>
			</timeBasedFileNamingAndTriggeringPolicy>
		</rollingPolicy>
		<encoder>
			<pattern>%date %level [%thread] %logger{36} [%file : %line] %msg%n
			</pattern>
		</encoder>
	</appender>
	
	<logger name="cn.jpush.api.push" level="DEBUG">
	    <appender-ref ref="DEBUG-APPENDER" />
	</logger>
	
	<logger name="com.renlink.push.msg" level="TRACE">
	    <appender-ref ref="STDOUT" />
	</logger>
	
	<logger name="com.renlink.push.msg" level="INFO">
	    <appender-ref ref="INFO-APPENDER" />
	</logger>

	<root level="ERROR">
		<appender-ref ref="ERROR-APPENDER" />
	</root>

</configuration>